User ID,Name,Team
A123456789,,Default Team
A123456790,,Default Team
A123456791,,Default Team
A123456792,,Default Team
A123456793,,Default Team
A123456794,,Default Team
A123456795,,Default Team
A123456796,,Default Team
A123456797,,Default Team
A123456798,,Default Team
A123456799,,Default Team
A123456800,,Default Team
A123456801,,Default Team
A123456802,,Default Team
A123456803,,Default Team
A123456804,,Default Team
A123456805,,Default Team
A123456806,,Default Team
A123456807,,Default Team
A123456808,,Default Team
A123456809,,Default Team
A123456810,,Default Team
A123456811,,Default Team
A123456812,,Default Team
A123456813,,Default Team
A123456814,,Default Team
A123456815,,Default Team
A123456816,,Default Team
A123456817,,Default Team
A123456818,,Default Team
A123456819,,Default Team
A123456820,,Default Team
A123456821,,Default Team
A123456822,,Default Team
A123456823,,Default Team
A123456824,,Default Team
A123456825,,Default Team
A123456826,,Default Team
A123456827,,Default Team
A123456828,,Default Team
A123456829,,Default Team
A123456830,,Default Team
A123456831,,Default Team
A123456832,,Default Team
A123456833,,Default Team
A123456834,,Default Team
A123456835,,Default Team
A123456836,,Default Team
A123456837,,Default Team
A123456838,,Default Team
A123456839,,Default Team
A123456840,,Default Team
A123456841,,Default Team
A123456842,,Default Team
A123456843,,Default Team
A123456844,,Default Team
A123456845,,Default Team
A123456846,,Default Team
A123456847,,Default Team
A123456848,,Default Team
A123456849,,Default Team
A123456850,,Default Team
A123456851,,Default Team
A123456852,,Default Team
A123456853,,Default Team
A123456854,,Default Team
A123456855,,Default Team
A123456856,,Default Team
A123456857,,Default Team
A123456858,,Default Team
A123456859,,Default Team
A123456860,,Default Team
A123456861,,Default Team
A123456862,,Default Team
A123456863,,Default Team
A123456864,,Default Team
A123456865,,Default Team
A123456866,,Default Team
A123456867,,Default Team
A123456868,,Default Team
A123456869,,Default Team
A123456870,,Default Team
A123456871,,Default Team
A123456872,,Default Team
A123456873,,Default Team
A123456874,,Default Team
A123456875,,Default Team
A123456876,,Default Team
A123456877,,Default Team
A123456878,,Default Team
A123456879,,Default Team
A123456880,,Default Team
A123456881,,Default Team
A123456882,,Default Team
A123456883,,Default Team
A123456884,,Default Team
A123456885,,Default Team
A123456886,,Default Team
A123456887,,Default Team
A123456888,,Default Team
A123456889,,Default Team
A123456890,,Default Team
A123456891,,Default Team
A123456892,,Default Team
A123456893,,Default Team
A123456894,,Default Team
A123456895,,Default Team
A123456896,,Default Team
A123456897,,Default Team
A123456898,,Default Team
A123456899,,Default Team
A123456900,,Default Team
A123456901,,Default Team
A123456902,,Default Team
A123456903,,Default Team
A123456904,,Default Team
A123456905,,Default Team
A123456906,,Default Team
A123456907,,Default Team
A123456908,,Default Team
A123456909,,Default Team
A123456910,,Default Team
A123456911,,Default Team
A123456912,,Default Team
A123456913,,Default Team
A123456914,,Default Team
A123456915,,Default Team
A123456916,,Default Team
A123456917,,Default Team
A123456918,,Default Team
A123456919,,Default Team
A123456920,,Default Team
A123456921,,Default Team
A123456922,,Default Team
A123456923,,Default Team
A123456924,,Default Team
A123456925,,Default Team
A123456926,,Default Team
A123456927,,Default Team
A123456928,,Default Team
A123456929,,Default Team
A123456930,,Default Team
A123456931,,Default Team
A123456932,,Default Team
A123456933,,Default Team
A123456934,,Default Team
A123456935,,Default Team
A123456936,,Default Team
A123456937,,Default Team
A123456938,,Default Team
A123456939,,Default Team
A123456940,,Default Team
A123456941,,Default Team
A123456942,,Default Team
A123456943,,Default Team
A123456944,,Default Team
A123456945,,Default Team
A123456946,,Default Team
A123456947,,Default Team
A123456948,,Default Team
A123456949,,Default Team
A123456950,,Default Team
A123456951,,Default Team
A123456952,,Default Team
A123456953,,Default Team
A123456954,,Default Team
A123456955,,Default Team
A123456956,,Default Team
A123456957,,Default Team
A123456958,,Default Team
A123456959,,Default Team
A123456960,,Default Team
A123456961,,Default Team
A123456962,,Default Team
A123456963,,Default Team
A123456964,,Default Team
A123456965,,Default Team
A123456966,,Default Team
A123456967,,Default Team
A123456968,,Default Team
A123456969,,Default Team
A123456970,,Default Team
A123456971,,Default Team
A123456972,,Default Team
A123456973,,Default Team
A123456974,,Default Team
A123456975,,Default Team
A123456976,,Default Team
A123456977,,Default Team
A123456978,,Default Team
A123456979,,Default Team
A123456980,,Default Team
A123456981,,Default Team
A123456982,,Default Team
A123456983,,Default Team
A123456984,,Default Team
A123456985,,Default Team
A123456986,,Default Team
A123456987,,Default Team
A123456988,,Default Team
A123456989,,Default Team
A123456990,,Default Team
A123456991,,Default Team
A123456992,,Default Team
A123456993,,Default Team
A123456994,,Default Team
A123456995,,Default Team
A123456996,,Default Team
A123456997,,Default Team
A123456998,,Default Team
A123456999,,Default Team
A123457000,,Default Team
A123457001,,Default Team
A123457002,,Default Team
A123457003,,Default Team